{"proxies":{"com.miga.downloadmanager.TiDownloadmanagerModule":{"superPackageName":"org.appcelerator.kroll","methods":{"startDownload":{"runOnUiThread":false,"hasInvocation":false,"args":[{"converter":"org.appcelerator.kroll.KrollConverter","defaultValueProvider":"org.appcelerator.kroll.KrollConverter","name":"dict","sourceName":"dict","type":"org.appcelerator.kroll.KrollDict"}],"apiName":"startDownload","converter":"org.appcelerator.kroll.KrollConverter","defaultValueProvider":"org.appcelerator.kroll.KrollConverter","name":"__default_name__","returnType":"void"},"getDownloads":{"runOnUiThread":false,"hasInvocation":false,"args":[],"apiName":"getDownloads","converter":"org.appcelerator.kroll.KrollConverter","defaultValueProvider":"org.appcelerator.kroll.KrollConverter","name":"__default_name__","returnType":"java.lang.Object[]"}},"superProxyBindingClassName":"org.appcelerator.kroll.KrollModuleBindingGen","proxyClassName":"TiDownloadmanagerModule","proxyAttrs":{"propertyAccessors":[],"fullAPIName":"TiDownloadmanager","name":"TiDownloadmanager","proxyClassName":"com.miga.downloadmanager.TiDownloadmanagerModule","isTopLevel":false,"id":"com.miga.downloadmanager"},"packageName":"com.miga.downloadmanager","sourceName":"com.miga.downloadmanager.TiDownloadmanagerModuleBindingGen","isTitaniumSdk":false,"superProxyClassName":"KrollModule","isModule":true,"genClassName":"TiDownloadmanagerModuleBindingGen","onAppCreate":"onAppCreate"}},"modules":{"com.miga.downloadmanager.TiDownloadmanagerModule":{"apiName":"TiDownloadmanager"}}}